INSERT INTO SIGLOXXI_ADMIN.BOLETA (ID_BOLETA,FECHA,PROPINA,TOTALCONSUMO,TOTAL,COMENSAL_ID_COMENSAL,TIPO_PAGO_ID_TIPO_PAGO) VALUES 
(6,TIMESTAMP '2020-06-26 00:00:00.000000',4500,8000,12500,4,8)
,(7,TIMESTAMP '2020-04-20 00:00:00.000000',4000,5000,6500,1,4)
;INSERT INTO SIGLOXXI_ADMIN.COMENSAL (ID_COMENSAL,CANTIDADPERSONAS,MESA_ID_MESA,PERSONA_ID_PERSONA,TRABAJADOR_ID_TRABAJADOR,ELIMINADO,FINALIZADO) VALUES 
(1,5,3,2,1,1,0)
,(4,5,2,2,2,0,0)
,(5,5,2,2,2,0,0)
,(6,5,2,2,2,0,0)
,(17,6,24,37,9,0,0)
,(20,2,1,NULL,15,0,0)
,(23,10,1,NULL,15,0,0)
,(18,6,23,37,9,0,0)
,(19,5,17,37,9,0,0)
,(21,2,1,NULL,15,0,1)
;
INSERT INTO SIGLOXXI_ADMIN.COMENSAL (ID_COMENSAL,CANTIDADPERSONAS,MESA_ID_MESA,PERSONA_ID_PERSONA,TRABAJADOR_ID_TRABAJADOR,ELIMINADO,FINALIZADO) VALUES 
(22,2,1,NULL,15,0,0)
;INSERT INTO SIGLOXXI_ADMIN.INSUMO (ID_INSUMO,NOMBRE,STOCK,PROVEEDOR_ID_PROVEEDOR,MEDIDA_ID_MEDIDA) VALUES 
(2,'papas rusticas',4,2,3)
,(8,'arroz',5,1,5)
,(11,'Lentejas',3,2,4)
,(13,'Porotos',3,2,4)
,(14,'Fideos',4,1,4)
,(15,'Pollo',11,6,5)
;INSERT INTO SIGLOXXI_ADMIN.MEDIDA (ID_MEDIDA,UNIDAD) VALUES 
(1,'ml')
,(2,'lt')
,(3,'cc')
,(4,'mg')
,(5,'kg')
;INSERT INTO SIGLOXXI_ADMIN.MESA (ID_MESA,NUMERO,CAPACIDAD,DISPONIBILIDAD,ELIMINADO) VALUES 
(23,9,6,'Disponible',1)
,(24,10,6,'Disponible',0)
,(16,4,6,'No Disponible',0)
,(17,5,6,'No Disponible',0)
,(25,11,4,'Disponible',0)
,(1,1,2,'No Disponible',0)
,(2,2,2,'Disponible',0)
,(3,3,4,'No Disponible',0)
,(19,6,4,'Disponible',0)
,(20,7,4,'No Disponible',0)
;
INSERT INTO SIGLOXXI_ADMIN.MESA (ID_MESA,NUMERO,CAPACIDAD,DISPONIBILIDAD,ELIMINADO) VALUES 
(21,8,2,'No Disponible',0)
;INSERT INTO SIGLOXXI_ADMIN.ORDEN (CANTIDAD,PEDIDO_ID_PEDIDO,RECETA_ID_RECETA) VALUES 
(10,3,5)
;INSERT INTO SIGLOXXI_ADMIN.ORDEN_COMPRA (ID_ORDEN_COMPRA,FECHAPEDIDO,FECHALLEGADA,ELIMINADO) VALUES 
(4,TIMESTAMP '2020-03-20 00:00:00.000000',TIMESTAMP '2020-03-21 00:00:00.000000',1)
,(5,TIMESTAMP '2020-05-20 00:00:00.000000',TIMESTAMP '2020-05-21 00:00:00.000000',1)
,(1,TIMESTAMP '2020-05-21 23:07:32.000000',TIMESTAMP '2020-05-26 23:07:32.000000',0)
,(2,TIMESTAMP '2020-05-11 23:07:32.000000',TIMESTAMP '2020-05-18 23:07:32.000000',0)
,(3,TIMESTAMP '2020-05-26 23:07:32.000000',TIMESTAMP '2020-05-28 00:00:00.000000',0)
,(6,TIMESTAMP '2020-06-26 00:00:00.000000',TIMESTAMP '2020-06-28 00:00:00.000000',0)
,(7,TIMESTAMP '2020-06-28 00:00:00.000000',TIMESTAMP '2020-07-01 00:00:00.000000',0)
;INSERT INTO SIGLOXXI_ADMIN.ORDEN_COMPRA_INSUMOS (CANTIDAD,ORDEN_COMPRA_ID_ORDEN_COMPRA,INSUMO_ID_INSUMO) VALUES 
(3,1,2)
,(6,4,2)
,(2,3,2)
,(2,5,2)
,(4,6,14)
;INSERT INTO SIGLOXXI_ADMIN.ORIGEN (ID_ORIGEN,DESCRIPCION) VALUES 
(3,'bio-bio')
,(4,'patagonia')
,(5,'el puerto')
,(1,'Cocina')
,(2,'Bar')
;INSERT INTO SIGLOXXI_ADMIN.PEDIDO (ID_PEDIDO,ESTADO,COMENSAL_ID_COMENSAL,VALIDADO) VALUES 
(3,'P',1,'N')
,(10,'P',4,'N')
,(11,'P',4,'N')
;INSERT INTO SIGLOXXI_ADMIN.PERSONA (ID_PERSONA,RUT,DIGITOVERIFICADOR,NOMBRE,APELPAT,APELMAT,EMAIL,TIPO_PERSONA_ID_TIPO_PERSONA,ELIMINADO) VALUES 
(43,15030506,'3','Jamon','Pate','Fiambre','jamon@mail.cl',4,0)
,(6,14741294,'K','Jose','Escobar','Grandon','Jjescobargrandon@mail.cl',2,0)
,(7,14235849,'9','Diego','Fuentealba','Sanchez','Diegofsanchez@mail.cl',7,0)
,(8,25879435,'4','Ibis','Balboa','Grandon','Ibisgrandonbalboa@mail.cl',7,0)
,(9,13284971,'9','Miguel','Villanueva','Gonzales','MiguelVillajorquera@mail.cl',6,0)
,(39,23582173,'7','Camila','Osorio','Delgado','camila@mail.com',5,0)
,(40,22468088,'0','Brandon','Palermo','Mancilla','brandon@mail.com',3,0)
,(1,7554869,'9','Manuel','Miranda','Ramirez','mmirandar@mail.cl',1,1)
,(2,13654720,'8','Claudia','Hernandez','Perez','chernandezp@mail.cl',3,1)
,(3,16458934,'3','Luciano','Riveras','Jimenez','lriverasj@mail.cl',4,0)
;
INSERT INTO SIGLOXXI_ADMIN.PERSONA (ID_PERSONA,RUT,DIGITOVERIFICADOR,NOMBRE,APELPAT,APELMAT,EMAIL,TIPO_PERSONA_ID_TIPO_PERSONA,ELIMINADO) VALUES 
(4,8569721,'5','Roberto','Pereira','Gutierrez','rpereirag@mail.cl',6,0)
,(5,17948118,'9','Dario','Pacheco','Lillo','dn.ezequiel@gmail.com',5,0)
,(37,11111111,'1','Pancho','Pedrin','Coscoso','test@mail.cl',6,0)
,(42,11331032,'4','Judas','Pinganilla','Fusile','judas@mail.cl',1,0)
,(38,14459449,'5','Felix','Denver','Atrabis','felix@gmail.com',4,0)
;INSERT INTO SIGLOXXI_ADMIN.PROVEEDOR (ID_PROVEEDOR,NOMBRE,FONO,EMAIL,DIRECCION) VALUES 
(1,'San Pancrasio',25553662,'pancrasio@mail.cl','Av. libertad 512')
,(2,'Arizona',953966521,'arizona@mail.cl','El olivar 3456')
,(3,'CCU',956327458,'ccu@mail.cl','Camino internacional 1245')
,(4,'Fidal',256981302,'fidal@hotmail.com','Italia 876')
,(6,'Ariztia',987654321,'ariztia@hotmail.com','Av. manantiales 812')
;INSERT INTO SIGLOXXI_ADMIN.RECETA (ID_RECETA,NOMBRE,DESCRIPCION,PRECIO,DISPONIBILIDAD,URL,ORIGEN_ID_ORIGEN,ELIMINADO) VALUES 
(7,'Empanada de Pino','Masa horneada con carne molida, cebolla, aceituna y huevo',990,'D','https://images-gmi-pmc.edge-generalmills.com/314901be-3745-46d7-be00-3772e9887a63.jpg',1,0)
,(1,'Arroz con huevo frito','Delicioso arroz con huevo frito de gallina feliz',3500,'D','https://media.metrolatam.com/2019/11/08/capturadepantall-02e0c535f58f43e67fb8e7af223a39c1-1200x800.jpg',1,0)
,(2,'Cazuela de vacuno','Cazuela de vaca soltera',4000,'D','https://maridaje.emol.com/wp-content/uploads/2019/04/cazuela.jpg',1,1)
,(3,'Papas fritas','Deliciosas papas fritas traidas desde vietnam',2500,'N','https://www.cocinayvino.com/wp-content/uploads/2017/09/masalafries.jpg',1,0)
,(4,'Mojito','Ron Blanca,limón,menta y agua mineral',3200,'D','https://t1.rg.ltmcdn.com/es/images/8/7/3/img_mojito_como_hacer_mojito_casero_en_10_minutos_59378_orig.jpg',2,0)
,(5,'Sexo en la playa','Licor durazno,vodka,jugo arandano,jugo naranja y manzana o cereza',3800,'D','https://nadirtips.com/wp-content/uploads/2017/02/SexOnTheBeach-678x470.jpg',2,0)
,(6,'Pastel de Papas','Pure con choclo y azucar',3600,'D','https://comidaschilenas.com/wp-content/uploads/2018/12/Receta-de-pastel-de-papas-chileno.jpg',1,0)
;INSERT INTO SIGLOXXI_ADMIN.RECETA_INSUMO (CANTIDAD,INSUMO_ID_INSUMO,RECETA_ID_RECETA,MEDIDA_ID_MEDIDA) VALUES 
(30,2,2,2)
;INSERT INTO SIGLOXXI_ADMIN.REGISTRO (ID_REGISTRO,FECHA,COMENSAL_ID_COMENSAL,TIPO_REGISTRO_ID_TIPO) VALUES 
(1,TIMESTAMP '2020-03-20 00:00:00.000000',4,2)
,(2,TIMESTAMP '2020-03-20 00:00:00.000000',5,3)
;INSERT INTO SIGLOXXI_ADMIN.TIPO_PAGO (ID_TIPO_PAGO,MODOPAGO) VALUES 
(4,'Efectivo')
,(5,'PagoRUT')
,(6,'Cheque')
,(7,'Crédito')
,(8,'Débito')
;INSERT INTO SIGLOXXI_ADMIN.TIPO_PERSONA (ID_TIPO_PERSONA,DESCRIPCION) VALUES 
(1,'Administrador')
,(2,'Bodeguero')
,(3,'Cajero')
,(4,'Cocinero')
,(5,'Barista')
,(6,'Garzón')
,(7,'Cliente')
;INSERT INTO SIGLOXXI_ADMIN.TIPO_REGISTRO (ID_TIPO,DESCRIPCION) VALUES 
(1,'Entrada comensal')
,(2,'Preorden')
,(3,'Confirmación de pedido')
,(4,'Pedido sale de cocina')
,(5,'Pedido entregado a mesa')
,(6,'Comensal paga')
;INSERT INTO SIGLOXXI_ADMIN.TRABAJADOR (ID_TRABAJADOR,USUARIO,CLAVE,PERSONA_ID_PERSONA,ELIMINADO) VALUES 
(9,'rpereirag','9b8769a4a742959a2d0298c36fb70623f2dfacda8436237df08d8dfd5b37374c',4,0)
,(16,'jpatef','9b8769a4a742959a2d0298c36fb70623f2dfacda8436237df08d8dfd5b37374c',43,0)
,(11,'fdenvera','9b8769a4a742959a2d0298c36fb70623f2dfacda8436237df08d8dfd5b37374c',38,0)
,(12,'cosoriod','9b8769a4a742959a2d0298c36fb70623f2dfacda8436237df08d8dfd5b37374c',39,0)
,(14,'bpalermom','9b8769a4a742959a2d0298c36fb70623f2dfacda8436237df08d8dfd5b37374c',40,0)
,(1,'mmirandar','9b8769a4a742959a2d0298c36fb70623f2dfacda8436237df08d8dfd5b37374c',1,0)
,(2,'chernandezp','9b8769a4a742959a2d0298c36fb70623f2dfacda8436237df08d8dfd5b37374c',2,0)
,(3,'lriverasj','9b8769a4a742959a2d0298c36fb70623f2dfacda8436237df08d8dfd5b37374c',3,0)
,(8,'mvillanuevag','9b8769a4a742959a2d0298c36fb70623f2dfacda8436237df08d8dfd5b37374c',9,0)
,(4,'dpachecl','9b8769a4a742959a2d0298c36fb70623f2dfacda8436237df08d8dfd5b37374c',5,0)
;
INSERT INTO SIGLOXXI_ADMIN.TRABAJADOR (ID_TRABAJADOR,USUARIO,CLAVE,PERSONA_ID_PERSONA,ELIMINADO) VALUES 
(5,'jescobarg','9b8769a4a742959a2d0298c36fb70623f2dfacda8436237df08d8dfd5b37374c',6,0)
,(13,'jpinganillaf','9b8769a4a742959a2d0298c36fb70623f2dfacda8436237df08d8dfd5b37374c',42,0)
,(15,'ppedrinc','9b8769a4a742959a2d0298c36fb70623f2dfacda8436237df08d8dfd5b37374c',37,0)
;